Wavelength,n,k,n,k,n
200.5,1.55329,0.00618,1.918847893,1.274,1.580342702
201.2,1.55228,0.00614,1.922632075,1.277,1.57997535
202,1.55128,0.00611,1.926508778,1.281,1.579607997
202.8,1.5503,0.00608,1.930511233,1.284,1.579240645
203.6,1.54933,0.00605,1.934732041,1.288,1.578873292
204.4,1.54838,0.00602,1.939076837,1.292,1.57850594
205.2,1.54744,0.00598,1.943544023,1.295,1.578138587
206,1.54651,0.00595,1.948241543,1.299,1.577771235
206.8,1.5456,0.00592,1.953071525,1.303,1.577403882
207.6,1.5447,0.00589,1.958024946,1.307,1.57703653
208.4,1.54381,0.00586,1.963209492,1.311,1.576669177
209.2,1.54294,0.00583,1.968532586,1.316,1.576301825
210,1.54208,0.0058,1.973977887,1.32,1.575934472
210.8,1.54123,0.00577,1.97966023,1.324,1.57556712
211.6,1.5404,0.00575,1.985476888,1.328,1.575199767
212.4,1.53957,0.00572,1.9914128,1.333,1.574832415
213.2,1.53876,0.00569,1.997597736,1.337,1.574465063
214,1.53796,0.00566,2.00390245,1.341,1.57409771
214.8,1.53717,0.00563,2.010338859,1.345,1.573730358
215.6,1.5364,0.00561,2.017009467,1.35,1.573363005
216.4,1.53563,0.00558,2.023792139,1.354,1.572995653
217.1,1.53488,0.00555,2.030729102,1.358,1.5726283
217.9,1.53414,0.00553,2.037869968,1.363,1.572260948
218.7,1.53341,0.0055,2.04511719,1.367,1.571893595
219.5,1.53269,0.00547,2.052548582,1.371,1.571526243
220.3,1.53198,0.00545,2.060144392,1.375,1.57115889
221.1,1.53128,0.00542,2.067840645,1.38,1.570791538
221.9,1.53059,0.0054,2.075757849,1.384,1.570424185
222.7,1.52991,0.00537,2.083792063,1.388,1.570056833
223.5,1.52925,0.00535,2.091948516,1.392,1.56968948
224.3,1.52859,0.00532,2.100314045,1.396,1.569322128
225.1,1.52794,0.0053,2.108770023,1.4,1.568954775
225.9,1.5273,0.00527,2.117397669,1.404,1.568587423
226.7,1.52667,0.00525,2.12617468,1.408,1.56822007
227.5,1.52605,0.00522,2.135036682,1.412,1.567852718
228.3,1.52544,0.0052,2.144127128,1.416,1.567485365
229.1,1.52483,0.00518,2.153301374,1.419,1.567118013
229.9,1.52424,0.00515,2.16262108,1.423,1.566750661
230.7,1.52366,0.00513,2.172103719,1.427,1.566383308
231.5,1.52308,0.00511,2.181663539,1.43,1.566015956
232.3,1.52251,0.00509,2.19144077,1.434,1.565648603
233,1.52195,0.00506,2.20130496,1.437,1.565281251
233.8,1.5214,0.00504,2.211312255,1.441,1.564913898
234.6,1.52085,0.00502,2.221481372,1.444,1.564546546
235.4,1.52031,0.005,2.231722221,1.447,1.564179193
236.2,1.51978,0.00498,2.242198053,1.45,1.563811841
237,1.51926,0.00496,2.252747125,1.453,1.563444488
237.8,1.51875,0.00494,2.263464238,1.457,1.563077136
238.6,1.51824,0.00491,2.274328367,1.459,1.562709783
239.4,1.51774,0.00489,2.285293607,1.462,1.562342431
240.2,1.51724,0.00487,2.296482596,1.465,1.561975078
241,1.51675,0.00485,2.307742156,1.468,1.561607726
241.8,1.51627,0.00483,2.319231338,1.471,1.561240373
242.6,1.51579,0.00481,2.330832349,1.473,1.560873021
243.4,1.51532,0.00479,2.342601193,1.476,1.560505668
244.2,1.51486,0.00477,2.354560868,1.478,1.560138316
245,1.5144,0.00475,2.366623764,1.481,1.559770963
245.8,1.51395,0.00473,2.37896223,1.483,1.559403611
246.6,1.5135,0.00472,2.391373813,1.485,1.559036258
247.4,1.51306,0.0047,2.404075398,1.487,1.558668906
248.2,1.51262,0.00468,2.416893637,1.489,1.558301554
248.9,1.51219,0.00466,2.429943039,1.491,1.557934201
249.7,1.51176,0.00464,2.443192704,1.493,1.557566849
250.5,1.51133,0.00462,2.456610436,1.494,1.557199496
251.3,1.51092,0.0046,2.470316926,1.496,1.556832144
252.1,1.5105,0.00459,2.484123989,1.497,1.556464791
252.9,1.51009,0.00457,2.498312118,1.498,1.556097439
253.7,1.50969,0.00455,2.512574951,1.499,1.555730086
254.5,1.50929,0.00453,2.527221697,1.5,1.555362734
255.3,1.5089,0.00452,2.541990376,1.501,1.554995381
256.1,1.50851,0.0045,2.557083868,1.501,1.554628029
256.9,1.50812,0.00448,2.572374706,1.501,1.554260676
257.7,1.50774,0.00446,2.587928283,1.502,1.553893324
258.5,1.50736,0.00445,2.60375061,1.501,1.553525971
259.3,1.50699,0.00443,2.619772159,1.501,1.553158619
260.1,1.50662,0.00441,2.636125894,1.5,1.552791266
260.9,1.50626,0.0044,2.652616013,1.499,1.552423914
261.7,1.5059,0.00438,2.669489071,1.497,1.552056561
262.5,1.50554,0.00437,2.686439004,1.495,1.551689209
263.3,1.50519,0.00435,2.703804711,1.493,1.551321856
264.1,1.50484,0.00433,2.721213693,1.49,1.550954504
264.8,1.5045,0.00432,2.739008853,1.487,1.550587152
265.6,1.50416,0.0043,2.756853576,1.484,1.550219799
266.4,1.50383,0.00429,2.775004784,1.48,1.549852447
267.2,1.50349,0.00427,2.793219397,1.475,1.549485094
268,1.50317,0.00426,2.81165962,1.47,1.549117742
268.8,1.50284,0.00424,2.830158519,1.465,1.548750389
269.6,1.50252,0.00423,2.848802141,1.459,1.548383037
270.4,1.50221,0.00421,2.867479988,1.452,1.548015684
271.2,1.50189,0.0042,2.886222407,1.445,1.547648332
272,1.50158,0.00418,2.904955299,1.437,1.547280979
272.8,1.50128,0.00417,2.923673487,1.428,1.546913627
273.6,1.50097,0.00415,2.942321505,1.419,1.546546274
274.4,1.50068,0.00414,2.960875977,1.409,1.546178922
275.2,1.50038,0.00412,2.979287171,1.399,1.545811569
276,1.50009,0.00411,2.997525164,1.388,1.545444217
276.8,1.4998,0.0041,3.015540774,1.376,1.545076864
277.6,1.49951,0.00408,3.033300976,1.364,1.544709512
278.4,1.49923,0.00407,3.050761763,1.351,1.544342159
279.2,1.49895,0.00405,3.067880374,1.338,1.543974807
280,1.49867,0.00404,3.084633471,1.323,1.543607454
280.7,1.4984,0.00403,3.100951171,1.309,1.543240102
281.5,1.49813,0.00401,3.11685694,1.294,1.542872749
282.3,1.49786,0.004,3.132226506,1.278,1.542505397
283.1,1.4976,0.00399,3.147164814,1.262,1.542138045
283.9,1.49734,0.00397,3.161458616,1.245,1.541770692
284.7,1.49708,0.00396,3.175333887,1.228,1.54140334
285.5,1.49682,0.00395,3.188450603,1.211,1.541035987
286.3,1.49657,0.00394,3.201195217,1.193,1.540668635
287.1,1.49632,0.00392,3.213065095,1.175,1.540301282
287.9,1.49607,0.00391,3.224640886,1.157,1.53993393
288.7,1.49582,0.0039,3.235228963,1.138,1.539566577
289.5,1.49558,0.00389,3.245626808,1.12,1.539199225
290.3,1.49534,0.00387,3.254933731,1.101,1.538831872
291.1,1.4951,0.00386,3.264171441,1.083,1.53846452
291.9,1.49486,0.00385,3.272231773,1.064,1.538097167
292.7,1.49463,0.00384,3.280292105,1.045,1.537729815
293.5,1.4944,0.00382,3.287228721,1.026,1.537362462
294.3,1.49417,0.00381,3.294106789,1.007,1.53699511
295.1,1.49394,0.0038,3.300072951,0.9886,1.536627757
295.9,1.49372,0.00379,3.305856663,0.97,1.536260405
296.7,1.49349,0.00378,3.310943099,0.9515,1.535893052
297.4,1.49327,0.00377,3.315736164,0.9331,1.5355257
298.2,1.49305,0.00375,3.320034586,0.9149,1.535158347
299,1.49283,0.00374,3.323947734,0.8968,1.534790995
299.8,1.49262,0.00373,3.327546152,0.8788,1.534423642
300.6,1.49241,0.00372,3.330688034,0.861,1.53405629
301.4,1.49219,0.00371,3.333667222,0.8433,1.533688938
302.2,1.49198,0.0037,3.33613558,0.8258,1.533321585
303,1.49178,0.00369,3.338566757,0.8084,1.532954233
303.8,1.49157,0.00367,3.340440565,0.7912,1.53258688
304.6,1.49136,0.00366,3.342314373,0.7739,1.532219528
305.4,1.49116,0.00365,3.343717387,0.757,1.531852175
306.2,1.49096,0.00364,3.345050633,0.74,1.531484823
307,1.49076,0.00363,3.3460402,0.7231,1.53111747
307.8,1.49056,0.00362,3.346857941,0.7063,1.530750118
308.6,1.49036,0.00361,3.347441644,0.6896,1.530382765
309.4,1.49017,0.0036,3.347738958,0.6729,1.530015413
310.2,1.48997,0.00359,3.34791463,0.6562,1.52964806
311,1.48978,0.00358,3.347658847,0.6396,1.529280708
311.8,1.48959,0.00357,3.347403065,0.623,1.528913355
312.6,1.4894,0.00356,3.346553196,0.6065,1.528546003
313.3,1.48921,0.00355,3.345689516,0.5899,1.528193456
314.1,1.48903,0.00354,3.344337819,0.5734,1.52786616
314.9,1.48884,0.00353,3.342797919,0.5569,1.527538863
315.7,1.48866,0.00352,3.3409194,0.5405,1.527211567
316.5,1.48848,0.00351,3.338632105,0.5241,1.526884271
317.3,1.4883,0.0035,3.336206001,0.5078,1.526556974
318.1,1.48812,0.00349,3.333108616,0.4915,1.526229678
318.9,1.48795,0.00348,3.330011231,0.4753,1.525902382
319.7,1.48777,0.00347,3.326165372,0.4594,1.525575085
320.5,1.4876,0.00346,3.322214018,0.4434,1.525247789
321.3,1.48742,0.00345,3.317767503,0.4277,1.524920492
322.1,1.48725,0.00344,3.312944888,0.4121,1.524593196
322.9,1.48708,0.00343,3.307910513,0.3967,1.5242659
323.7,1.48691,0.00342,3.302230113,0.3816,1.523938603
324.5,1.48675,0.00341,3.296549712,0.3666,1.523611307
325.3,1.48658,0.0034,3.290127474,0.3521,1.523290724
326.1,1.48642,0.00339,3.283633661,0.3376,1.522997865
326.9,1.48625,0.00338,3.276721865,0.3236,1.522705006
327.7,1.48609,0.00337,3.269486504,0.3098,1.522412147
328.5,1.48593,0.00336,3.262120348,0.2963,1.522119288
329.2,1.48577,0.00335,3.254236722,0.2833,1.521826429
330,1.48562,0.00334,3.246353097,0.2703,1.52153357
330.8,1.48546,0.00333,3.238022516,0.2582,1.521240711
331.6,1.4853,0.00332,3.229597933,0.2461,1.520947852
332.4,1.48515,0.00332,3.220986686,0.2345,1.520654993
333.2,1.485,0.00331,3.212134935,0.2232,1.520362134
334,1.48485,0.0033,3.203272539,0.2121,1.520069275
334.8,1.4847,0.00329,3.194107141,0.2018,1.519776416
335.6,1.48455,0.00328,3.184941742,0.1915,1.519483557
336.4,1.4844,0.00327,3.175649416,0.1819,1.519190698
337.2,1.48425,0.00326,3.166278306,0.1724,1.518898441
338,1.48411,0.00325,3.156887261,0.1633,1.518635353
338.8,1.48396,0.00324,3.147409058,0.1548,1.518372264
339.6,1.48382,0.00324,3.137930856,0.1462,1.518109175
340.4,1.48368,0.00323,3.128437817,0.1384,1.517846086
341.2,1.48354,0.00322,3.1189396,0.1307,1.517582998
342,1.4834,0.00321,3.109456809,0.1234,1.517319909
342.8,1.48326,0.0032,3.100013247,0.1165,1.51705682
343.6,1.48312,0.00319,3.090569685,0.1096,1.516793731
344.4,1.48299,0.00319,3.081220775,0.1034,1.516530643
345.1,1.48285,0.00318,3.071894208,0.09724,1.516267554
345.9,1.48272,0.00317,3.062621588,0.09141,1.516004465
346.7,1.48259,0.00316,3.053462796,0.08596,1.515741376
347.5,1.48245,0.00315,3.044304004,0.08051,1.515478287
348.3,1.48232,0.00315,3.035315853,0.07567,1.515215199
349.1,1.48219,0.00314,3.026365239,0.07086,1.51495211
349.9,1.48206,0.00313,3.017487322,0.06631,1.514710894
350.7,1.48194,0.00312,3.008776321,0.06209,1.514473673
351.5,1.48181,0.00311,3.00006532,0.05787,1.514236452
352.3,1.48168,0.00311,2.991557902,0.05414,1.513999231
353.1,1.48156,0.0031,2.983110414,0.05046,1.51376201
353.9,1.48144,0.00309,2.974726825,0.04696,1.51352479
354.7,1.48131,0.00308,2.966560658,0.04378,1.513287569
355.5,1.48119,0.00307,2.95839449,0.0406,1.513050348
356.3,1.48107,0.00307,2.950424692,0.03777,1.512813127
357.1,1.48095,0.00306,2.942552924,0.03504,1.512575906
357.9,1.48083,0.00305,2.934709165,0.0324,1.512338685
358.7,1.48071,0.00304,2.927141474,0.03008,1.512101464
359.5,1.48059,0.00304,2.919573783,0.02775,1.511864243
360.3,1.48048,0.00303,2.912162697,0.02567,1.511627022
361,1.48036,0.00302,2.904906757,0.02372,1.511389801
361.8,1.48025,0.00301,2.897650817,0.02178,1.511167732
362.6,1.48013,0.00301,2.890681448,0.02017,1.510953095
363.4,1.48002,0.003,2.883744765,0.01856,1.510738459
364.2,1.47991,0.00299,2.876900186,0.01708,1.510523822
365,1.47979,0.00299,2.870294984,0.01578,1.510309186
365.8,1.47968,0.00298,2.863689781,0.01448,1.51009455
366.6,1.47957,0.00297,2.857309524,0.01339,1.509879913
367.4,1.47946,0.00296,2.851054172,0.01235,1.509665277
368.2,1.47936,0.00296,2.84479882,0.01134,1.50945064
369,1.47925,0.00295,2.8388855,0.01052,1.509236004
369.8,1.47914,0.00294,2.832974632,0.00969,1.509021367
370.6,1.47903,0.00294,2.827171209,0.00894,1.508806731
371.4,1.47893,0.00293,2.82158843,0.008279,1.508592095
372.2,1.47882,0.00292,2.81600565,0.007618,1.508377458
373,1.47872,0.00292,2.810622174,0.00706,1.508162822
373.8,1.47862,0.00291,2.805347575,0.006531,1.507958013
374.6,1.47851,0.0029,2.800072977,0.006012,1.507763183
375.4,1.47841,0.00289,2.795071453,0.005588,1.507568352
376.2,1.47831,0.00289,2.790084166,0.005165,1.507373522
376.9,1.47821,0.00288,2.785160528,0.004773,1.507178691
377.7,1.47811,0.00287,2.780439975,0.004433,1.506983861
378.5,1.47801,0.00287,2.775719422,0.004094,1.506789031
379.3,1.47791,0.00286,2.771125167,0.003797,1.5065942
380.1,1.47781,0.00285,2.7666517,0.003525,1.50639937
380.9,1.47771,0.00285,2.762178232,0.003252,1.506204539
381.7,1.47762,0.00284,2.757880378,0.003028,1.506009709
382.5,1.47752,0.00284,2.753635595,0.002809,1.505814879
383.3,1.47743,0.00283,2.749392688,0.002597,1.505620048
384.1,1.47733,0.00282,2.745359551,0.002421,1.505425218
384.9,1.47724,0.00282,2.741326415,0.002245,1.505230388
385.7,1.47714,0.00281,2.737339117,0.002081,1.505041165
386.5,1.47705,0.0028,2.733501979,0.001939,1.504863777
387.3,1.47696,0.0028,2.729664841,0.001798,1.504686388
388.1,1.47687,0.00279,2.725908167,0.001672,1.504509
388.9,1.47678,0.00278,2.72225272,0.001558,1.504331612
389.7,1.47669,0.00278,2.718597273,0.001443,1.504154223
390.5,1.4766,0.00277,2.715049044,0.001346,1.503976835
391.3,1.47651,0.00277,2.711562248,0.001254,1.503799447
392.1,1.47642,0.00276,2.708075451,0.001162,1.503622058
392.8,1.47633,0.00275,2.70471603,0.001087,1.50344467
393.6,1.47624,0.00275,2.701386019,0.001012,1.503267282
394.4,1.47616,0.00274,2.698056008,9.39E-04,1.503089894
395.2,1.47607,0.00274,2.694868021,8.79E-04,1.502912505
396,1.47599,0.00273,2.691684008,8.19E-04,1.502735117
396.8,1.4759,0.00272,2.688515896,7.62E-04,1.502557729
397.6,1.47582,0.00272,2.685468066,7.13E-04,1.502382604
398.4,1.47573,0.00271,2.682420236,6.64E-04,1.502220637
399.2,1.47565,0.00271,2.679403489,6.19E-04,1.502058669
400,1.47557,0.0027,2.676482914,5.79E-04,1.501896701
400.8,1.47549,0.00269,2.673562339,5.40E-04,1.501734733
401.6,1.47541,0.00269,2.670684073,5.04E-04,1.501572766
402.4,1.47532,0.00268,2.667882624,4.72E-04,1.501410798
403.2,1.47524,0.00268,2.665081175,4.40E-04,1.50124883
404,1.47516,0.00267,2.662329928,4.12E-04,1.501086862
404.8,1.47508,0.00267,2.659640187,3.86E-04,1.500924895
405.6,1.47501,0.00266,2.656950447,3.60E-04,1.500762927
406.4,1.47493,0.00265,2.654315991,3.37E-04,1.500600959
407.2,1.47485,0.00265,2.651731185,3.16E-04,1.500438991
408,1.47477,0.00264,2.64914638,2.95E-04,1.500277024
408.7,1.4747,0.00264,2.646619575,2.76E-04,1.500115056
409.5,1.47462,0.00263,2.644133506,2.59E-04,1.499953088
410.3,1.47454,0.00263,2.641647437,2.42E-04,1.499804423
411.1,1.47447,0.00262,2.63922009,2.27E-04,1.499656139
411.9,1.4744,0.00261,2.636827077,2.13E-04,1.499507855
412.7,1.47432,0.00261,2.634434065,1.99E-04,1.49935957
413.5,1.47425,0.0026,2.632098815,1.87E-04,1.499211286
414.3,1.47417,0.0026,2.629793642,1.76E-04,1.499063002
415.1,1.4741,0.00259,2.62748847,1.64E-04,1.498914718
415.9,1.47403,0.00259,2.625238681,1.54E-04,1.498766434
416.7,1.47396,0.00258,2.623016547,1.45E-04,1.49861815
417.5,1.47389,0.00258,2.620794413,1.36E-04,1.498469866
418.3,1.47382,0.00257,2.618624093,1.28E-04,1.498321581
419.1,1.47375,0.00257,2.616480574,1.20E-04,1.498173297
419.9,1.47368,0.00256,2.614337055,1.13E-04,1.498025013
420.7,1.47361,0.00256,2.612240773,1.06E-04,1.497876729
421.5,1.47354,0.00255,2.610171779,9.97E-05,1.497728445
422.3,1.47347,0.00255,2.608102786,9.34E-05,1.497589878
423.1,1.4734,0.00254,2.606075609,8.80E-05,1.497453778
423.9,1.47333,0.00254,2.604077358,8.28E-05,1.497317678
424.6,1.47327,0.00253,2.602079107,7.77E-05,1.497181579
425.4,1.4732,0.00253,2.600116547,7.32E-05,1.497045479
426.2,1.47313,0.00252,2.598185531,6.90E-05,1.49690938
427,1.47307,0.00252,2.596254514,6.48E-05,1.49677328
427.8,1.473,0.00251,2.594352471,6.11E-05,1.496637181
428.6,1.47294,0.00251,2.592485429,5.77E-05,1.496501081
429.4,1.47287,0.0025,2.590618387,5.42E-05,1.496364981
430.2,1.47281,0.0025,2.588773112,5.11E-05,1.496228882
431,1.47274,0.00249,2.586967011,4.82E-05,1.496092782
431.8,1.47268,0.00249,2.58516091,4.54E-05,1.495956683
432.6,1.47262,0.00248,2.583368964,4.27E-05,1.495820583
433.4,1.47255,0.00248,2.581620977,4.04E-05,1.495684484
434.2,1.47249,0.00247,2.57987299,3.81E-05,1.495555163
435,1.47243,0.00247,2.578131217,3.59E-05,1.495429949
435.8,1.47237,0.00246,2.576438701,3.40E-05,1.495304735
436.6,1.47231,0.00246,2.574746185,3.21E-05,1.49517952
437.4,1.47224,0.00245,2.573053668,3.01E-05,1.495054306
438.2,1.47218,0.00245,2.571412158,2.86E-05,1.494929092
439,1.47212,0.00244,2.569772641,2.70E-05,1.494803877
439.8,1.47206,0.00244,2.568133125,2.54E-05,1.494678663
440.6,1.472,0.00243,2.56653388,2.41E-05,1.494553449
441.3,1.47194,0.00243,2.56494505,2.28E-05,1.494428234
442.1,1.47189,0.00242,2.563356219,2.14E-05,1.49430302
442.9,1.47183,0.00242,2.561796904,2.03E-05,1.494177806
443.7,1.47177,0.00241,2.560256585,1.93E-05,1.494052592
444.5,1.47171,0.00241,2.558716266,1.82E-05,1.493927377
445.3,1.47165,0.00241,2.557194718,1.72E-05,1.493802163
446.1,1.4716,0.0024,2.55570087,1.63E-05,1.49368132
446.9,1.47154,0.0024,2.554207022,1.54E-05,1.49356586
447.7,1.47148,0.00239,2.552721234,1.46E-05,1.493450401
448.5,1.47142,0.00239,2.551271935,1.38E-05,1.493334941
449.3,1.47137,0.00238,2.549822637,1.31E-05,1.493219481
450.1,1.47131,0.00238,2.548373338,1.24E-05,1.493104022
450.9,1.47126,0.00237,2.546964184,1.17E-05,1.492988562
451.7,1.4712,0.00237,2.545557624,1.11E-05,1.492873102
452.5,1.47115,0.00236,2.544151064,1.05E-05,1.492757643
453.3,1.47109,0.00236,2.542772362,9.99E-06,1.492642183
454.1,1.47104,0.00236,2.541406832,9.49E-06,1.492526724
454.9,1.47098,0.00235,2.540041302,8.98E-06,1.492411264
455.7,1.47093,0.00235,2.538691532,8.52E-06,1.492295804
456.5,1.47088,0.00234,2.537365419,8.10E-06,1.492180345
457.2,1.47082,0.00234,2.536039306,7.67E-06,1.492064885
458,1.47077,0.00233,2.534717049,7.27E-06,1.491951823
458.8,1.47072,0.00233,2.533428826,6.92E-06,1.49184513
459.6,1.47066,0.00233,2.532140603,6.57E-06,1.491738438
460.4,1.47061,0.00232,2.530852381,6.22E-06,1.491631745
461.2,1.47056,0.00232,2.529592754,5.92E-06,1.491525053
462,1.47051,0.00231,2.528340977,5.63E-06,1.49141836
462.8,1.47046,0.00231,2.5270892,5.33E-06,1.491311668
463.6,1.4704,0.0023,2.52585315,5.07E-06,1.491204975
464.4,1.47035,0.0023,2.524636448,4.83E-06,1.491098283
465.2,1.4703,0.0023,2.523419746,4.59E-06,1.49099159
466,1.47025,0.00229,2.52220618,4.35E-06,1.490884898
466.8,1.4702,0.00229,2.521023255,4.15E-06,1.490778205
467.6,1.47015,0.00228,2.51984033,3.94E-06,1.490671513
468.4,1.4701,0.00228,2.518657404,3.74E-06,1.49056482
469.2,1.47005,0.00228,2.517497842,3.57E-06,1.490458128
470,1.47,0.00227,2.516347459,3.40E-06,1.490352215
470.8,1.46995,0.00227,2.515197077,3.23E-06,1.490253424
471.6,1.46991,0.00226,2.514056843,3.08E-06,1.490154633
472.4,1.46986,0.00226,2.512937829,2.94E-06,1.490055842
473.1,1.46981,0.00225,2.511818815,2.79E-06,1.489957051
473.9,1.46976,0.00225,2.510699802,2.65E-06,1.48985826
474.7,1.46971,0.00225,2.509608304,2.54E-06,1.489759469
475.5,1.46967,0.00224,2.508519542,2.42E-06,1.489660678
476.3,1.46962,0.00224,2.507430781,2.30E-06,1.489561887
477.1,1.46957,0.00223,2.50635591,2.19E-06,1.489463096
477.9,1.46952,0.00223,2.505296338,2.09E-06,1.489364305
478.7,1.46948,0.00223,2.504236767,1.99E-06,1.489265514
479.5,1.46943,0.00222,2.503177825,1.90E-06,1.489166723
480.3,1.46939,0.00222,2.502146431,1.81E-06,1.489067932
481.1,1.46934,0.00222,2.501115037,1.73E-06,1.488969141
481.9,1.46929,0.00221,2.500083643,1.65E-06,1.48887035
482.7,1.46925,0.00221,2.499067184,1.57E-06,1.488778157
483.5,1.4692,0.0022,2.498063,1.50E-06,1.488686506
484.3,1.46916,0.0022,2.497058817,1.43E-06,1.488594855
485.1,1.46911,0.0022,2.496056089,1.36E-06,1.488503204
485.9,1.46907,0.00219,2.495078194,1.30E-06,1.488411553
486.7,1.46903,0.00219,2.494100299,1.25E-06,1.488319903
487.5,1.46898,0.00218,2.493122403,1.19E-06,1.488228252
488.3,1.46894,0.00218,2.492158272,1.14E-06,1.488136601
489,1.46889,0.00218,2.491205785,1.09E-06,1.48804495
489.8,1.46885,0.00217,2.490253298,1.04E-06,1.487953299
490.6,1.46881,0.00217,2.489301001,9.88E-07,1.487861648
491.4,1.46876,0.00217,2.488373079,9.47E-07,1.487769997
492.2,1.46872,0.00216,2.487445157,9.05E-07,1.487678346
493,1.46868,0.00216,2.486517236,8.64E-07,1.487586695
493.8,1.46864,0.00215,2.485600087,8.26E-07,1.487495044
494.6,1.4686,0.00215,2.484695926,7.91E-07,1.48740824
495.4,1.46855,0.00215,2.483791766,7.56E-07,1.487323058
496.2,1.46851,0.00214,2.482887605,7.22E-07,1.487237875
497,1.46847,0.00214,2.48200364,6.92E-07,1.487152692
497.8,1.46843,0.00214,2.481122469,6.63E-07,1.48706751
498.6,1.46839,0.00213,2.480241298,6.33E-07,1.486982327
499.4,1.46835,0.00213,2.479366424,6.06E-07,1.486897144
500.2,1.46831,0.00213,2.478507504,5.81E-07,1.486811962
501,1.46827,0.00212,2.477648585,5.56E-07,1.486726779
501.8,1.46823,0.00212,2.476789666,5.32E-07,1.486641596
502.6,1.46819,0.00211,2.475945111,5.10E-07,1.486556414
503.4,1.46815,0.00211,2.475107735,4.89E-07,1.486471231
504.2,1.46811,0.00211,2.47427036,4.68E-07,1.486386048
504.9,1.46807,0.0021,2.473433602,4.47E-07,1.486300866
505.7,1.46803,0.0021,2.472617093,4.29E-07,1.486215683
506.5,1.46799,0.0021,2.471800584,4.12E-07,1.486133876
507.3,1.46795,0.00209,2.470984076,3.94E-07,1.486054567
508.1,1.46791,0.00209,2.470175076,3.77E-07,1.485975257
508.9,1.46788,0.00209,2.469378783,3.62E-07,1.485895948
509.7,1.46784,0.00208,2.46858249,3.48E-07,1.485816639
510.5,1.4678,0.00208,2.467786197,3.33E-07,1.48573733
511.3,1.46776,0.00208,2.467003464,3.20E-07,1.485658021
512.1,1.46772,0.00207,2.466226762,3.07E-07,1.485578712
512.9,1.46769,0.00207,2.465450061,2.94E-07,1.485499403
513.7,1.46765,0.00207,2.464673359,2.82E-07,1.485420094
514.5,1.46761,0.00206,2.463915491,2.71E-07,1.485340785
515.3,1.46758,0.00206,2.463157781,2.60E-07,1.485261476
516.1,1.46754,0.00206,2.462400071,2.49E-07,1.485182167
516.9,1.4675,0.00205,2.46164733,2.39E-07,1.485102858
517.7,1.46747,0.00205,2.460908036,2.30E-07,1.485023548
518.5,1.46743,0.00205,2.460168742,2.21E-07,1.484946378
519.3,1.4674,0.00204,2.459429448,2.12E-07,1.484872414
520.1,1.46736,0.00204,2.458699557,2.04E-07,1.484798451
520.8,1.46732,0.00204,2.457978124,1.96E-07,1.484724488
521.6,1.46729,0.00203,2.457256692,1.89E-07,1.484650524
522.4,1.46725,0.00203,2.45653526,1.81E-07,1.484576561
523.2,1.46722,0.00203,2.455827023,1.74E-07,1.484502598
524,1.46718,0.00202,2.455122921,1.68E-07,1.484428634
524.8,1.46715,0.00202,2.454418818,1.61E-07,1.484354671
525.6,1.46711,0.00202,2.453714715,1.54E-07,1.484280708
526.4,1.46708,0.00201,2.453027005,1.49E-07,1.484206744
527.2,1.46705,0.00201,2.452339719,1.43E-07,1.484132781
528,1.46701,0.00201,2.451652433,1.37E-07,1.484058818
528.8,1.46698,0.002,2.450967859,1.32E-07,1.483984854
529.6,1.46694,0.002,2.450296897,1.27E-07,1.483910891
530.4,1.46691,0.002,2.449625935,1.22E-07,1.483838026
531.2,1.46688,0.002,2.448954973,1.18E-07,1.483768939
532,1.46684,0.00199,2.44828933,1.13E-07,1.483699851
532.8,1.46681,0.00199,2.447634217,1.09E-07,1.483630764
533.6,1.46678,0.00199,2.446979104,1.05E-07,1.483561676
534.4,1.46675,0.00198,2.446323991,1.01E-07,1.483492589
535.2,1.46671,0.00198,2.445676312,9.69E-08,1.483423502
536,1.46668,0.00198,2.44503659,9.35E-08,1.483354414
536.7,1.46665,0.00197,2.444396868,9.00E-08,1.483285327
537.5,1.46662,0.00197,2.443757147,8.65E-08,1.483216239
538.3,1.46658,0.00197,2.443126516,8.34E-08,1.483147152
539.1,1.46655,0.00196,2.442501744,8.04E-08,1.483078064
539.9,1.46652,0.00196,2.441876973,7.74E-08,1.483008977
540.7,1.46649,0.00196,2.441252201,7.45E-08,1.482939889
541.5,1.46646,0.00196,2.440637754,7.18E-08,1.482870802
542.3,1.46643,0.00195,2.440027508,6.93E-08,1.48280194
543.1,1.4664,0.00195,2.439417262,6.67E-08,1.482737309
543.9,1.46637,0.00195,2.438807016,6.42E-08,1.482672678
544.7,1.46633,0.00194,2.438207935,6.20E-08,1.482608047
545.5,1.4663,0.00194,2.437611805,5.98E-08,1.482543417
546.3,1.46627,0.00194,2.437015674,5.77E-08,1.482478786
547.1,1.46624,0.00193,2.436419544,5.55E-08,1.482414155
547.9,1.46621,0.00193,2.435835056,5.37E-08,1.482349524
548.7,1.46618,0.00193,2.435252645,5.18E-08,1.482284893
549.5,1.46615,0.00193,2.434670234,4.99E-08,1.482220262
550.3,1.46612,0.00192,2.434087823,4.81E-08,1.482155631
551.1,1.46609,0.00192,2.433517196,4.65E-08,1.482091
551.9,1.46606,0.00192,2.432948123,4.49E-08,1.482026369
552.6,1.46603,0.00191,2.43237905,4.33E-08,1.481961738
553.4,1.466,0.00191,2.431809978,4.17E-08,1.481897108
554.2,1.46598,0.00191,2.431252518,4.03E-08,1.481832477
555,1.46595,0.00191,2.430696415,3.89E-08,1.481771421
555.8,1.46592,0.0019,2.430140312,3.75E-08,1.481710871
556.6,1.46589,0.0019,2.429584208,3.62E-08,1.481650322
557.4,1.46586,0.0019,2.42903926,3.50E-08,1.481589772
558.2,1.46583,0.00189,2.428495771,3.38E-08,1.481529222
559,1.4658,0.00189,2.427952282,3.27E-08,1.481468673
559.8,1.46577,0.00189,2.427408792,3.15E-08,1.481408123
560.6,1.46575,0.00189,2.426875733,3.05E-08,1.481347574
561.4,1.46572,0.00188,2.426344513,2.95E-08,1.481287024
562.2,1.46569,0.00188,2.425813293,2.85E-08,1.481226475
563,1.46566,0.00188,2.425282072,2.75E-08,1.481165925
563.8,1.46563,0.00187,2.424760313,2.66E-08,1.481105375
564.6,1.46561,0.00187,2.424241031,2.57E-08,1.481044826
565.4,1.46558,0.00187,2.423721749,2.48E-08,1.480984276
566.2,1.46555,0.00187,2.423202466,2.39E-08,1.480923727
567,1.46552,0.00186,2.42269145,2.32E-08,1.480865803
567.8,1.4655,0.00186,2.422183784,2.24E-08,1.480808999
568.5,1.46547,0.00186,2.421676117,2.17E-08,1.480752194
569.3,1.46544,0.00186,2.421168451,2.09E-08,1.480695389
570.1,1.46542,0.00185,2.420667648,2.02E-08,1.480638584
570.9,1.46539,0.00185,2.420171287,1.96E-08,1.480581779
571.7,1.46536,0.00185,2.419674926,1.90E-08,1.480524975
572.5,1.46534,0.00184,2.419178565,1.83E-08,1.48046817
573.3,1.46531,0.00184,2.418687474,1.78E-08,1.480411365
574.1,1.46529,0.00184,2.418202118,1.72E-08,1.48035456
574.9,1.46526,0.00184,2.417716762,1.67E-08,1.480297755
575.7,1.46523,0.00183,2.417231406,1.61E-08,1.480240951
576.5,1.46521,0.00183,2.416749551,1.56E-08,1.480184146
577.3,1.46518,0.00183,2.416274909,1.51E-08,1.480127341
578.1,1.46516,0.00183,2.415800267,1.46E-08,1.480070536
578.9,1.46513,0.00182,2.415325625,1.41E-08,1.480015544
579.7,1.46511,0.00182,2.414852557,1.37E-08,1.479962182
580.5,1.46508,0.00182,2.414388348,1.33E-08,1.479908819
581.3,1.46506,0.00182,2.413924139,1.28E-08,1.479855456
582.1,1.46503,0.00181,2.41345993,1.24E-08,1.479802094
582.9,1.46501,0.00181,2.412995721,1.20E-08,1.479748731
583.7,1.46498,0.00181,2.412541171,1.16E-08,1.479695369
584.5,1.46496,0.00181,2.412087122,1.13E-08,1.479642006
585.2,1.46493,0.0018,2.411633073,1.09E-08,1.479588644
586,1.46491,0.0018,2.411179024,1.06E-08,1.479535281
586.8,1.46488,0.0018,2.410732164,1.02E-08,1.479481919
587.6,1.46486,0.0018,2.410288012,9.93E-09,1.479428556
588.4,1.46483,0.00179,2.409843859,9.63E-09,1.479375193
589.2,1.46481,0.00179,2.409399707,9.33E-09,1.479321831
590,1.46479,0.00179,2.408960159,9.04E-09,1.479268468
590.8,1.46476,0.00179,2.408525648,8.77E-09,1.479216221
591.6,1.46474,0.00178,2.408091136,8.51E-09,1.479166028
592.4,1.46471,0.00178,2.407656625,8.24E-09,1.479115835
593.2,1.46469,0.00178,2.407224033,7.98E-09,1.479065642
594,1.46467,0.00178,2.406798915,7.75E-09,1.479015449
594.8,1.46464,0.00177,2.406373797,7.51E-09,1.478965257
595.6,1.46462,0.00177,2.405948679,7.28E-09,1.478915064
596.4,1.4646,0.00177,2.405523562,7.05E-09,1.478864871
597.2,1.46457,0.00177,2.40510674,6.85E-09,1.478814678
598,1.46455,0.00176,2.404690776,6.65E-09,1.478764485
598.8,1.46453,0.00176,2.404274812,6.45E-09,1.478714292
599.6,1.46451,0.00176,2.403858848,6.25E-09,1.478664099
600.4,1.46448,0.00176,2.40344809,6.06E-09,1.478613906
601.1,1.46446,0.00175,2.403041047,5.89E-09,1.478563713
601.9,1.46444,0.00175,2.402634004,5.71E-09,1.47851352
602.7,1.46442,0.00175,2.402226961,5.54E-09,1.478463845
603.5,1.46439,0.00175,2.401821969,5.37E-09,1.478416576
604.3,1.46437,0.00174,2.401423622,5.22E-09,1.478369306
605.1,1.46435,0.00174,2.401025274,5.07E-09,1.478322037
605.9,1.46433,0.00174,2.400626927,4.91E-09,1.478274768
606.7,1.46431,0.00174,2.400228579,4.76E-09,1.478227498
607.5,1.46428,0.00173,2.399837548,4.63E-09,1.478180229
608.3,1.46426,0.00173,2.399447678,4.50E-09,1.478132959
609.1,1.46424,0.00173,2.399057807,4.36E-09,1.47808569
609.9,1.46422,0.00173,2.398667937,4.23E-09,1.47803842
610.7,1.4642,0.00172,2.39828191,4.11E-09,1.477991151
611.5,1.46418,0.00172,2.397900304,4.00E-09,1.477943881
612.3,1.46416,0.00172,2.397518698,3.88E-09,1.477896612
613.1,1.46413,0.00172,2.397137093,3.76E-09,1.477849343
613.9,1.46411,0.00172,2.396755822,3.65E-09,1.477802073
614.7,1.46409,0.00171,2.396382276,3.55E-09,1.47775481
615.5,1.46407,0.00171,2.39600873,3.45E-09,1.477710242
616.3,1.46405,0.00171,2.395635184,3.36E-09,1.477665673
617,1.46403,0.00171,2.395261637,3.26E-09,1.477621104
617.8,1.46401,0.0017,2.394892748,3.17E-09,1.477576536
618.6,1.46399,0.0017,2.394527062,3.08E-09,1.477531967
619.4,1.46397,0.0017,2.394161375,2.99E-09,1.477487398
620.2,1.46395,0.0017,2.393795688,2.91E-09,1.47744283
621,1.46393,0.0017,2.393430906,2.82E-09,1.477398261
621.8,1.46391,0.00169,2.393072885,2.74E-09,1.477353692
622.6,1.46389,0.00169,2.392714864,2.66E-09,1.477309124
623.4,1.46387,0.00169,2.392356843,2.59E-09,1.477264555
624.2,1.46385,0.00169,2.391998822,2.51E-09,1.477219986
625,1.46383,0.00168,2.391645418,2.44E-09,1.477175418
625.8,1.46381,0.00168,2.391294875,2.37E-09,1.477130849
626.6,1.46379,0.00168,2.390944332,2.31E-09,1.47708628
627.4,1.46377,0.00168,2.390593789,2.24E-09,1.47704378
628.2,1.46375,0.00168,2.39024391,2.18E-09,1.477001711
629,1.46373,0.00167,2.389900662,2.12E-09,1.476959641
629.8,1.46371,0.00167,2.389557414,2.06E-09,1.476917571
630.6,1.46369,0.00167,2.389214166,2.01E-09,1.476875501
631.4,1.46367,0.00167,2.388870918,1.95E-09,1.476833431
632.2,1.46365,0.00166,2.388531501,1.90E-09,1.476791362
632.9,1.46363,0.00166,2.388195371,1.85E-09,1.476749292
633.7,1.46362,0.00166,2.387859241,1.80E-09,1.476707222
634.5,1.4636,0.00166,2.38752311,1.75E-09,1.476665152
635.3,1.46358,0.00166,2.38718698,1.70E-09,1.476623082
636.1,1.46356,0.00165,2.386857513,1.65E-09,1.476581013
636.9,1.46354,0.00165,2.386528329,1.60E-09,1.476538943
637.7,1.46352,0.00165,2.386199144,1.56E-09,1.476496873
638.5,1.4635,0.00165,2.385869959,1.51E-09,1.476454803
639.3,1.46348,0.00165,2.385543174,1.47E-09,1.476414246
640.1,1.46347,0.00164,2.385220767,1.43E-09,1.476374492
640.9,1.46345,0.00164,2.38489836,1.39E-09,1.476334737
641.7,1.46343,0.00164,2.384575953,1.35E-09,1.476294983
642.5,1.46341,0.00164,2.384253546,1.32E-09,1.476255229
643.3,1.46339,0.00163,2.383935917,1.28E-09,1.476215474
644.1,1.46338,0.00163,2.383620125,1.25E-09,1.47617572
644.9,1.46336,0.00163,2.383304334,1.21E-09,1.476135966
645.7,1.46334,0.00163,2.382988542,1.18E-09,1.476096212
646.5,1.46332,0.00163,2.382673161,1.14E-09,1.476056457
647.3,1.4633,0.00162,2.382363826,1.11E-09,1.476016703
648.1,1.46329,0.00162,2.382054492,1.08E-09,1.475976949
648.8,1.46327,0.00162,2.381745158,1.05E-09,1.475937194
649.6,1.46325,0.00162,2.381435824,1.02E-09,1.47589744
650.4,1.46323,0.00162,2.381128872,9.96E-10,1.475857686
651.2,1.46322,0.00161,2.380825841,9.70E-10,1.47581896
652,1.4632,0.00161,2.38052281,9.44E-10,1.475781354
652.8,1.46318,0.00161,2.38021978,9.17E-10,1.475743748
653.6,1.46316,0.00161,2.379916749,8.91E-10,1.475706143
654.4,1.46315,0.00161,2.379617813,8.67E-10,1.475668537
655.2,1.46313,0.0016,2.379320936,8.44E-10,1.475630931
656,1.46311,0.0016,2.37902406,8.21E-10,1.475593326
656.8,1.4631,0.0016,2.378727184,7.98E-10,1.47555572
657.6,1.46308,0.0016,2.378430307,7.75E-10,1.475518114
658.4,1.46306,0.0016,2.378138992,7.54E-10,1.475480509
659.2,1.46304,0.00159,2.377848124,7.34E-10,1.475442903
660,1.46303,0.00159,2.377557256,7.14E-10,1.475405297
660.8,1.46301,0.00159,2.377266388,6.93E-10,1.475367692
661.6,1.46299,0.00159,2.376976449,6.74E-10,1.475330086
662.4,1.46298,0.00159,2.376691449,6.56E-10,1.475292481
663.2,1.46296,0.00158,2.376406449,6.38E-10,1.475255481
664,1.46294,0.00158,2.376121449,6.20E-10,1.475219872
664.7,1.46293,0.00158,2.375836449,6.02E-10,1.475184263
665.5,1.46291,0.00158,2.375553532,5.85E-10,1.475148654
666.3,1.4629,0.00158,2.375274262,5.69E-10,1.475113045
667.1,1.46288,0.00157,2.374994992,5.53E-10,1.475077436
667.9,1.46286,0.00157,2.374715723,5.37E-10,1.475041827
668.7,1.46285,0.00157,2.374436453,5.21E-10,1.475006218
669.5,1.46283,0.00157,2.374160212,5.07E-10,1.474970609
670.3,1.46281,0.00157,2.373886538,4.93E-10,1.474934999
671.1,1.4628,0.00157,2.373612864,4.79E-10,1.47489939
671.9,1.46278,0.00156,2.373339191,4.65E-10,1.474863781
672.7,1.46277,0.00156,2.373065517,4.51E-10,1.474828172
673.5,1.46275,0.00156,2.372795621,4.39E-10,1.474792563
674.3,1.46273,0.00156,2.372527413,4.26E-10,1.474756954
675.1,1.46272,0.00156,2.372259206,4.14E-10,1.474721585
675.9,1.4627,0.00155,2.371990998,4.02E-10,1.474687833
676.7,1.46269,0.00155,2.371722791,3.90E-10,1.474654082
677.5,1.46267,0.00155,2.371458923,3.79E-10,1.47462033
678.3,1.46266,0.00155,2.371196055,3.68E-10,1.474586579
679.1,1.46264,0.00155,2.370933187,3.57E-10,1.474552828
679.9,1.46263,0.00154,2.370670319,3.46E-10,1.474519076
680.6,1.46261,0.00154,2.370407452,3.35E-10,1.474485325
681.4,1.46259,0.00154,2.370149312,3.25E-10,1.474451573
682.2,1.46258,0.00154,2.369891661,3.15E-10,1.474417822
683,1.46256,0.00154,2.369634009,3.05E-10,1.47438407
683.8,1.46255,0.00154,2.369376358,2.96E-10,1.474350319
684.6,1.46253,0.00153,2.369118706,2.86E-10,1.474316568
685.4,1.46252,0.00153,2.368866007,2.78E-10,1.474282816
686.2,1.4625,0.00153,2.368613452,2.69E-10,1.474249065
687,1.46249,0.00153,2.368360896,2.61E-10,1.474215313
687.8,1.46247,0.00153,2.368108341,2.52E-10,1.474183214
688.6,1.46246,0.00152,2.367855828,2.44E-10,1.474151193
689.4,1.46244,0.00152,2.367608253,2.36E-10,1.474119172
690.2,1.46243,0.00152,2.367360677,2.29E-10,1.474087151
691,1.46241,0.00152,2.367113102,2.21E-10,1.474055131
691.8,1.4624,0.00152,2.366865526,2.13E-10,1.47402311
692.6,1.46238,0.00152,2.366618032,2.06E-10,1.473991089
693.4,1.46237,0.00151,2.366375322,1.99E-10,1.473959068
694.2,1.46236,0.00151,2.366132612,1.92E-10,1.473927048
695,1.46234,0.00151,2.365889902,1.86E-10,1.473895027
695.8,1.46233,0.00151,2.365647192,1.79E-10,1.473863006
696.5,1.46231,0.00151,2.365404483,1.72E-10,1.473830985
697.3,1.4623,0.0015,2.365166509,1.66E-10,1.473798964
698.1,1.46228,0.0015,2.364928554,1.60E-10,1.473766944
698.9,1.46227,0.0015,2.364690599,1.54E-10,1.473734923
699.7,1.46225,0.0015,2.364452644,1.48E-10,1.473704161
700.5,1.46224,0.0015,2.364214689,1.43E-10,1.473673755
701.3,1.46223,0.0015,2.363981132,1.37E-10,1.473643348
702.1,1.46221,0.00149,2.363747824,1.32E-10,1.473612942
702.9,1.4622,0.00149,2.363514517,1.27E-10,1.473582535
703.7,1.46218,0.00149,2.363281209,1.21E-10,1.473552129
704.5,1.46217,0.00149,2.363047901,1.16E-10,1.473521722
705.3,1.46216,0.00149,2.362818533,1.11E-10,1.473491316
706.1,1.46214,0.00149,2.362589768,1.06E-10,1.47346091
706.9,1.46213,0.00148,2.362361002,1.02E-10,1.473430503
707.7,1.46211,0.00148,2.362132236,9.68E-11,1.473400097
708.5,1.4621,0.00148,2.36190347,9.20E-11,1.47336969
709.3,1.46209,0.00148,2.361678076,8.77E-11,1.473339284
710.1,1.46207,0.00148,2.361453749,8.34E-11,1.473308877
710.9,1.46206,0.00147,2.361229423,7.91E-11,1.473278471
711.7,1.46205,0.00147,2.361005097,7.49E-11,1.473248977
712.4,1.46203,0.00147,2.36078077,7.06E-11,1.473220078
713.2,1.46202,0.00147,2.360559142,6.67E-11,1.473191179
714,1.46201,0.00147,2.360339155,6.29E-11,1.47316228
714.8,1.46199,0.00147,2.360119169,5.91E-11,1.473133382
715.6,1.46198,0.00146,2.359899182,5.52E-11,1.473104483
716.4,1.46197,0.00146,2.359679195,5.14E-11,1.473075584
717.2,1.46195,0.00146,2.359461137,4.79E-11,1.473046685
718,1.46194,0.00146,2.359245392,4.45E-11,1.473017786
718.8,1.46193,0.00146,2.359029648,4.11E-11,1.472988887
719.6,1.46191,0.00146,2.358813904,3.76E-11,1.472959989
720.4,1.4619,0.00145,2.358598159,3.42E-11,1.47293109
721.2,1.46189,0.00145,2.358383482,3.10E-11,1.472902191
722,1.46187,0.00145,2.358171886,2.79E-11,1.472873292
722.8,1.46186,0.00145,2.357960289,2.49E-11,1.472844393
723.6,1.46185,0.00145,2.357748693,2.18E-11,1.472816101
724.4,1.46183,0.00145,2.357537096,1.87E-11,1.472788612
725.2,1.46182,0.00144,2.357325622,1.57E-11,1.472761123
726,1.46181,0.00144,2.357118081,1.30E-11,1.472733634
726.8,1.4618,0.00144,2.356910539,1.02E-11,1.472706144
727.6,1.46178,0.00144,2.356702998,7.48E-12,1.472678655
728.3,1.46177,0.00144,2.356495457,4.74E-12,1.472651166
729.1,1.46176,0.00144,2.356287915,1.99E-12,1.472623677
729.9,1.46175,0.00144,2.356083439,1.46E-12,1.472596187
730.7,1.46173,0.00143,2.355879862,1.13E-12,1.472568698
731.5,1.46172,0.00143,2.355676286,7.93E-13,1.472541209
732.3,1.46171,0.00143,2.35547271,4.58E-13,1.47251372
733.1,1.4617,0.00143,2.355269133,1.24E-13,1.47248623
733.9,1.46168,0.00143,2.355067439,0,1.472458741
734.7,1.46167,0.00143,2.35486774,0,1.472431252
735.5,1.46166,0.00142,2.354668041,0,1.4724041
736.3,1.46165,0.00142,2.354468342,0,1.47237793
737.1,1.46163,0.00142,2.354268643,0,1.47235176
737.9,1.46162,0.00142,2.354069578,0,1.47232559
738.7,1.46161,0.00142,2.353873671,0,1.472299421
739.5,1.4616,0.00142,2.353677763,0,1.472273251
740.3,1.46159,0.00141,2.353481856,0,1.472247081
741.1,1.46157,0.00141,2.353285948,0,1.472220911
741.9,1.46156,0.00141,2.353090041,0,1.472194741
742.7,1.46155,0.00141,2.352897168,0,1.472168571
743.5,1.46154,0.00141,2.352704968,0,1.472142401
744.3,1.46153,0.00141,2.352512769,0,1.472116231
745,1.46151,0.00141,2.352320569,0,1.472090062
745.8,1.4615,0.0014,2.352128369,0,1.472063892
746.6,1.46149,0.0014,2.351937761,0,1.472037722
747.4,1.46148,0.0014,2.351749188,0,1.472011652
748.2,1.46147,0.0014,2.351560615,0,1.471986719
749,1.46146,0.0014,2.351372042,0,1.471961785
749.8,1.46144,0.0014,2.35118347,0,1.471936851
750.6,1.46143,0.00139,2.350994996,0,1.471911918
751.4,1.46142,0.00139,2.35080997,0,1.471886984
752.2,1.46141,0.00139,2.350624944,0,1.471862051
753,1.4614,0.00139,2.350439918,0,1.471837117
753.8,1.46139,0.00139,2.350254892,0,1.471812183
754.6,1.46138,0.00139,2.350069866,0,1.47178725
755.4,1.46136,0.00139,2.349886872,0,1.471762316
756.2,1.46135,0.00138,2.349705316,0,1.471737383
757,1.46134,0.00138,2.34952376,0,1.471712449
757.8,1.46133,0.00138,2.349342204,0,1.471687515
758.6,1.46132,0.00138,2.349160648,0,1.471662582
759.4,1.46131,0.00138,2.348979473,0,1.471637648
760.2,1.4613,0.00138,2.34880131,0,1.471613765
760.9,1.46129,0.00137,2.348623148,0,1.471589992
761.7,1.46128,0.00137,2.348444985,0,1.471566218
762.5,1.46126,0.00137,2.348266823,0,1.471542444
763.3,1.46125,0.00137,2.34808866,0,1.47151867
764.1,1.46124,0.00137,2.347912514,0,1.471494896
764.9,1.46123,0.00137,2.347737671,0,1.471471122
765.7,1.46122,0.00137,2.347562828,0,1.471447348
766.5,1.46121,0.00136,2.347387986,0,1.471423574
767.3,1.4612,0.00136,2.347213143,0,1.4713998
768.1,1.46119,0.00136,2.34703853,0,1.471376026
768.9,1.46118,0.00136,2.346866935,0,1.471352252
769.7,1.46117,0.00136,2.34669534,0,1.471328478
770.5,1.46116,0.00136,2.346523746,0,1.471304704
771.3,1.46115,0.00136,2.346352151,0,1.47128093
772.1,1.46114,0.00135,2.346180557,0,1.471257952
772.9,1.46113,0.00135,2.346010556,0,1.471235267
773.7,1.46111,0.00135,2.34584214,0,1.471212582
774.5,1.4611,0.00135,2.345673723,0,1.471189897
775.3,1.46109,0.00135,2.345505306,0,1.471167211
776.1,1.46108,0.00135,2.345336889,0,1.471144526
776.8,1.46107,0.00135,2.345168472,0,1.471121841
777.6,1.46106,0.00134,2.345002855,0,1.471099156
778.4,1.46105,0.00134,2.344837547,0,1.471076471
779.2,1.46104,0.00134,2.344672239,0,1.471053785
780,1.46103,0.00134,2.344506931,0,1.4710311
780.8,1.46102,0.00134,2.344341623,0,1.471008415
781.6,1.46101,0.00134,2.344177129,0,1.47098573
782.4,1.461,0.00134,2.344014863,0,1.470963045
783.2,1.46099,0.00133,2.343852597,0,1.470940359
784,1.46098,0.00133,2.343690331,0,1.470918244
784.8,1.46097,0.00133,2.343528065,0,1.470896582
785.6,1.46096,0.00133,2.343365799,0,1.47087492
786.4,1.46095,0.00133,2.343205323,0,1.470853259
787.2,1.46094,0.00133,2.343046034,0,1.470831597
788,1.46093,0.00133,2.342886744,0,1.470809935
788.8,1.46092,0.00133,2.342727455,0,1.470788273
789.6,1.46091,0.00132,2.342568165,0,1.470766611
790.4,1.4609,0.00132,2.342408876,0,1.470744949
791.2,1.46089,0.00132,2.342252217,0,1.470723287
792,1.46088,0.00132,2.34209584,0,1.470701625
792.7,1.46087,0.00132,2.341939463,0,1.470679963
793.5,1.46086,0.00132,2.341783086,0,1.470658302
794.3,1.46086,0.00132,2.341626709,0,1.47063664
795.1,1.46085,0.00131,2.341470822,0,1.470614978
795.9,1.46084,0.00131,2.341317295,0,1.470593684
796.7,1.46083,0.00131,2.341163768,0,1.470572985
797.5,1.46082,0.00131,2.341010242,0,1.470552286
798.3,1.46081,0.00131,2.340856715,0,1.470531586
799.1,1.4608,0.00131,2.340703188,0,1.470510887
799.9,1.46079,0.00131,2.340550797,0,1.470490188
800.7,1.46078,0.00131,2.34040006,0,1.470469489
801.5,1.46077,0.0013,2.340249323,0,1.470448789
802.3,1.46076,0.0013,2.340098585,0,1.47042809
803.1,1.46075,0.0013,2.339947848,0,1.470407391
803.9,1.46074,0.0013,2.339797111,0,1.470386692
804.7,1.46073,0.0013,2.339648037,0,1.470365993
805.5,1.46072,0.0013,2.33950003,0,1.470345293
806.3,1.46072,0.0013,2.339352022,0,1.470324594
807.1,1.46071,0.00129,2.339204015,0,1.470303895
807.9,1.4607,0.00129,2.339056007,0,1.470283384
808.6,1.46069,0.00129,2.338908,0,1.470263591
809.4,1.46068,0.00129,2.338762071,0,1.470243799
810.2,1.46067,0.00129,2.338616735,0,1.470224006
811,1.46066,0.00129,2.338471399,0,1.470204213
811.8,1.46065,0.00129,2.338326064,0,1.47018442
812.6,1.46064,0.00129,2.338180728,0,1.470164628
813.4,1.46063,0.00128,2.338035392,0,1.470144835
814.2,1.46063,0.00128,2.337892444,0,1.470125042
815,1.46062,0.00128,2.337749723,0,1.470105249
815.8,1.46061,0.00128,2.337607003,0,1.470085457
816.6,1.4606,0.00128,2.337464282,0,1.470065664
817.4,1.46059,0.00128,2.337321561,0,1.470045871
818.2,1.46058,0.00128,2.337178877,0,1.470026078
819,1.46057,0.00128,2.337038716,0,1.470006286
819.8,1.46056,0.00127,2.336898554,0,1.469986521
820.6,1.46056,0.00127,2.336758393,0,1.469967583
821.4,1.46055,0.00127,2.336618232,0,1.469948644
822.2,1.46054,0.00127,2.33647807,0,1.469929706
823,1.46053,0.00127,2.336338113,0,1.469910767
823.8,1.46052,0.00127,2.336200457,0,1.469891829
824.5,1.46051,0.00127,2.336062801,0,1.46987289
825.3,1.46051,0.00127,2.335925145,0,1.469853952
826.1,1.4605,0.00126,2.335787489,0,1.469835014
826.9,1.46049,0.00126,2.335649833,0,1.469816075
827.7,1.46048,0.00126,2.335512458,0,1.469797137
828.5,1.46047,0.00126,2.335377254,0,1.469778198
829.3,1.46046,0.00126,2.33524205,0,1.46975926
830.1,1.46046,0.00126,2.335106846,0,1.469740321
830.9,1.46045,0.00126,2.334971642,0,1.469721383
831.7,1.46044,0.00126,2.334836438,0,1.469702445
832.5,1.46043,0.00125,2.334701506,0,1.469684198
833.3,1.46042,0.00125,2.334568703,0,1.469666065
834.1,1.46041,0.00125,2.334435899,0,1.469647933
834.9,1.46041,0.00125,2.334303096,0,1.4696298
835.7,1.4604,0.00125,2.334170293,0,1.469611667
836.5,1.46039,0.00125,2.33403749,0,1.469593535
837.3,1.46038,0.00125,2.333904867,0,1.469575402
838.1,1.46037,0.00125,2.333774414,0,1.46955727
838.9,1.46037,0.00124,2.333643961,0,1.469539137
839.7,1.46036,0.00124,2.333513508,0,1.469521004
840.4,1.46035,0.00124,2.333383054,0,1.469502872
841.2,1.46034,0.00124,2.333252601,0,1.469484739
842,1.46033,0.00124,2.333122162,0,1.469466607
842.8,1.46033,0.00124,2.332994009,0,1.469448474
843.6,1.46032,0.00124,2.332865856,0,1.469430341
844.4,1.46031,0.00124,2.332737704,0,1.469412729
845.2,1.4603,0.00124,2.332609551,0,1.469395357
846,1.4603,0.00123,2.332481398,0,1.469377985
846.8,1.46029,0.00123,2.332353245,0,1.469360613
847.6,1.46028,0.00123,2.332227119,0,1.469343241
848.4,1.46027,0.00123,2.332101219,0,1.46932587
849.2,1.46026,0.00123,2.331975318,0,1.469308498
850,1.46026,0.00123,2.331849418,0,1.469291126
850.8,1.46025,0.00123,2.331723518,0,1.469273754
851.6,1.46024,0.00123,2.331597617,0,1.469256382
852.4,1.46023,0.00122,2.33147339,0,1.46923901
853.2,1.46023,0.00122,2.331349694,0,1.469221639
854,1.46022,0.00122,2.331225999,0,1.469204267
854.8,1.46021,0.00122,2.331102304,0,1.469186895
855.6,1.4602,0.00122,2.330978608,0,1.469169523
856.3,1.4602,0.00122,2.330854913,0,1.469152517
857.1,1.46019,0.00122,2.330732474,0,1.469135864
857.9,1.46018,0.00122,2.330610937,0,1.469119211
858.7,1.46017,0.00122,2.330489401,0,1.469102558
859.5,1.46017,0.00121,2.330367864,0,1.469085905
860.3,1.46016,0.00121,2.330246328,0,1.469069252
861.1,1.46015,0.00121,2.330124791,0,1.469052599
861.9,1.46014,0.00121,2.330004035,0,1.469035946
862.7,1.46014,0.00121,2.329884613,0,1.469019292
863.5,1.46013,0.00121,2.32976519,0,1.469002639
864.3,1.46012,0.00121,2.329645767,0,1.468985986
865.1,1.46012,0.00121,2.329526344,0,1.468969333
865.9,1.46011,0.00121,2.329406922,0,1.46895268
866.7,1.4601,0.0012,2.32928775,0,1.468936027
867.5,1.46009,0.0012,2.329170397,0,1.468919374
868.3,1.46009,0.0012,2.329053044,0,1.468902948
869.1,1.46008,0.0012,2.328935691,0,1.468886975
869.9,1.46007,0.0012,2.328818338,0,1.468871001
870.7,1.46007,0.0012,2.328700985,0,1.468855028
871.5,1.46006,0.0012,2.328583632,0,1.468839055
872.2,1.46005,0.0012,2.328467974,0,1.468823081
873,1.46004,0.0012,2.328352647,0,1.468807108
873.8,1.46004,0.00119,2.328237321,0,1.468791135
874.6,1.46003,0.00119,2.328121994,0,1.468775161
875.4,1.46002,0.00119,2.328006667,0,1.468759188
876.2,1.46002,0.00119,2.32789134,0,1.468743214
877,1.46001,0.00119,2.327777038,0,1.468727241
877.8,1.46,0.00119,2.327663695,0,1.468711268
878.6,1.46,0.00119,2.327550353,0,1.468695294
879.4,1.45999,0.00119,2.32743701,0,1.468679321
880.2,1.45998,0.00119,2.327323668,0,1.46866345
881,1.45998,0.00118,2.327210326,0,1.46864812
881.8,1.45997,0.00118,2.327097292,0,1.46863279
882.6,1.45996,0.00118,2.326985893,0,1.46861746
883.4,1.45996,0.00118,2.326874493,0,1.468602129
884.2,1.45995,0.00118,2.326763094,0,1.468586799
885,1.45994,0.00118,2.326651695,0,1.468571469
885.8,1.45994,0.00118,2.326540295,0,1.468556139
886.6,1.45993,0.00118,2.326428896,0,1.468540809
887.4,1.45992,0.00118,2.326318952,0,1.468525478
888.2,1.45991,0.00117,2.326209456,0,1.468510148
888.9,1.45991,0.00117,2.326099959,0,1.468494818
889.7,1.4599,0.00117,2.325990462,0,1.468479488
890.5,1.4599,0.00117,2.325880966,0,1.468464158
891.3,1.45989,0.00117,2.325771469,0,1.468448827
892.1,1.45988,0.00117,2.325662595,0,1.468433497
892.9,1.45988,0.00117,2.325554962,0,1.468418767
893.7,1.45987,0.00117,2.325447328,0,1.468404046
894.5,1.45986,0.00117,2.325339694,0,1.468389325
895.3,1.45986,0.00117,2.32523206,0,1.468374604
896.1,1.45985,0.00116,2.325124427,0,1.468359883
896.9,1.45984,0.00116,2.325016793,0,1.468345161
897.7,1.45984,0.00116,2.32491074,0,1.46833044
898.5,1.45983,0.00116,2.324804931,0,1.468315719
899.3,1.45982,0.00116,2.324699122,0,1.468300998
900.1,1.45982,0.00116,2.324593313,0,1.468286277
900.9,1.45981,0.00116,2.324487504,0,1.468271556
901.7,1.4598,0.00116,2.324381695,0,1.468256835
902.5,1.4598,0.00116,2.324276531,0,1.468242114
903.3,1.45979,0.00116,2.324172509,0,1.468227393
904.1,1.45979,0.00115,2.324068487,0,1.468212672
904.8,1.45978,0.00115,2.323964465,0,1.468198418
905.6,1.45977,0.00115,2.323860443,0,1.468184274
906.4,1.45977,0.00115,2.32375642,0,1.468170131
907.2,1.45976,0.00115,2.323652398,0,1.468155987
908,1.45975,0.00115,2.323549808,0,1.468141843
908.8,1.45975,0.00115,2.323447536,0,1.468127699
909.6,1.45974,0.00115,2.323345263,0,1.468113555
910.4,1.45973,0.00115,2.323242991,0,1.468099412
911.2,1.45973,0.00114,2.323140718,0,1.468085268
912,1.45972,0.00114,2.323038446,0,1.468071124
912.8,1.45972,0.00114,2.322936581,0,1.46805698
913.6,1.45971,0.00114,2.322836022,0,1.468042836
914.4,1.4597,0.00114,2.322735463,0,1.468028692
915.2,1.4597,0.00114,2.322634904,0,1.468014549
916,1.45969,0.00114,2.322534345,0,1.468000405
916.8,1.45969,0.00114,2.322433786,0,1.467986609
917.6,1.45968,0.00114,2.322333227,0,1.467973012
918.4,1.45967,0.00114,2.322233708,0,1.467959416
919.2,1.45967,0.00113,2.322134827,0,1.46794582
920,1.45966,0.00113,2.322035946,0,1.467932223
920.7,1.45965,0.00113,2.321937066,0,1.467918627
921.5,1.45965,0.00113,2.321838185,0,1.467905031
922.3,1.45964,0.00113,2.321739304,0,1.467891434
923.1,1.45964,0.00113,2.321640423,0,1.467877838
923.9,1.45963,0.00113,2.321543125,0,1.467864242
924.7,1.45962,0.00113,2.321445888,0,1.467850645
925.5,1.45962,0.00113,2.321348651,0,1.467837049
926.3,1.45961,0.00113,2.321251414,0,1.467823453
927.1,1.45961,0.00112,2.321154177,0,1.467809856
927.9,1.4596,0.00112,2.32105694,0,1.46779626
928.7,1.45959,0.00112,2.320960133,0,1.467782903
929.5,1.45959,0.00112,2.320864506,0,1.467769826
930.3,1.45958,0.00112,2.320768879,0,1.467756749
931.1,1.45958,0.00112,2.320673251,0,1.467743673
931.9,1.45957,0.00112,2.320577624,0,1.467730596
932.7,1.45957,0.00112,2.320481997,0,1.467717519
933.5,1.45956,0.00112,2.320386369,0,1.467704442
934.3,1.45955,0.00112,2.320291584,0,1.467691366
935.1,1.45955,0.00112,2.320197533,0,1.467678289
935.9,1.45954,0.00111,2.320103482,0,1.467665212
936.6,1.45954,0.00111,2.320009431,0,1.467652135
937.4,1.45953,0.00111,2.31991538,0,1.467639059
938.2,1.45952,0.00111,2.31982133,0,1.467625982
939,1.45952,0.00111,2.319727279,0,1.467612905
939.8,1.45951,0.00111,2.319634403,0,1.467599828
940.6,1.45951,0.00111,2.319541897,0,1.467586893
941.4,1.4595,0.00111,2.31944939,0,1.467574309
942.2,1.4595,0.00111,2.319356883,0,1.467561726
943,1.45949,0.00111,2.319264377,0,1.467549143
943.8,1.45948,0.0011,2.31917187,0,1.467536559
944.6,1.45948,0.0011,2.319079363,0,1.467523976
945.4,1.45947,0.0011,2.318988292,0,1.467511393
946.2,1.45947,0.0011,2.318897298,0,1.467498809
947,1.45946,0.0011,2.318806304,0,1.467486226
947.8,1.45946,0.0011,2.31871531,0,1.467473643
948.6,1.45945,0.0011,2.318624315,0,1.467461059
949.4,1.45944,0.0011,2.318533321,0,1.467448476
950.2,1.45944,0.0011,2.318442472,0,1.467435893
951,1.45943,0.0011,2.318352959,0,1.467423309
951.8,1.45943,0.0011,2.318263446,0,1.467410726
952.5,1.45942,0.00109,2.318173933,0,1.467398195
953.3,1.45942,0.00109,2.31808442,0,1.46738608
954.1,1.45941,0.00109,2.317994907,0,1.467373966
954.9,1.4594,0.00109,2.317905394,0,1.467361852
955.7,1.4594,0.00109,2.317816182,0,1.467349737
956.5,1.45939,0.00109,2.317728119,0,1.467337623
957.3,1.45939,0.00109,2.317640057,0,1.467325508
958.1,1.45938,0.00109,2.317551995,0,1.467313394
958.9,1.45938,0.00109,2.317463933,0,1.467301279
959.7,1.45937,0.00109,2.317375871,0,1.467289165
960.5,1.45936,0.00108,2.317287809,0,1.467277051
961.3,1.45936,0.00108,2.31720014,0,1.467264936
962.1,1.45935,0.00108,2.317113499,0,1.467252822
962.9,1.45935,0.00108,2.317026858,0,1.467240707
963.7,1.45934,0.00108,2.316940216,0,1.467228593
964.5,1.45934,0.00108,2.316853575,0,1.467216479
965.3,1.45933,0.00108,2.316766934,0,1.467204782
966.1,1.45933,0.00108,2.316680292,0,1.467193113
966.9,1.45932,0.00108,2.316594078,0,1.467181445
967.7,1.45931,0.00108,2.316508828,0,1.467169776
968.4,1.45931,0.00108,2.316423579,0,1.467158108
969.2,1.4593,0.00107,2.31633833,0,1.467146439
970,1.4593,0.00107,2.31625308,0,1.467134771
970.8,1.45929,0.00107,2.316167831,0,1.467123102
971.6,1.45929,0.00107,2.316082582,0,1.467111434
972.4,1.45928,0.00107,2.315997736,0,1.467099765
973.2,1.45928,0.00107,2.31591385,0,1.467088097
974,1.45927,0.00107,2.315829963,0,1.467076428
974.8,1.45926,0.00107,2.315746077,0,1.46706476
975.6,1.45926,0.00107,2.315662191,0,1.467053091
976.4,1.45925,0.00107,2.315578305,0,1.467041423
977.2,1.45925,0.00107,2.315494419,0,1.467030077
978,1.45924,0.00106,2.315410859,0,1.467018833
978.8,1.45924,0.00106,2.315328309,0,1.467007589
979.6,1.45923,0.00106,2.315245758,0,1.466996345
980.4,1.45923,0.00106,2.315163207,0,1.466985101
981.2,1.45922,0.00106,2.315080656,0,1.466973856
982,1.45921,0.00106,2.314998105,0,1.466962612
982.8,1.45921,0.00106,2.314915555,0,1.466951368
983.6,1.4592,0.00106,2.314833204,0,1.466940124
984.3,1.4592,0.00106,2.314751961,0,1.46692888
985.1,1.45919,0.00106,2.314670718,0,1.466917635
985.9,1.45919,0.00106,2.314589475,0,1.466906391
986.7,1.45918,0.00105,2.314508232,0,1.466895147
987.5,1.45918,0.00105,2.314426989,0,1.466883903
988.3,1.45917,0.00105,2.314345746,0,1.466872658
989.1,1.45917,0.00105,2.314264528,0,1.466861651
989.9,1.45916,0.00105,2.314184566,0,1.466850811
990.7,1.45915,0.00105,2.314104604,0,1.466839971
991.5,1.45915,0.00105,2.314024643,0,1.466829131
992.3,1.45914,0.00105,2.313944681,0,1.46681829
993.1,1.45914,0.00105,2.313864719,0,1.46680745
993.9,1.45913,0.00105,2.313784757,0,1.46679661
994.7,1.45913,0.00105,2.313704795,0,1.46678577
